transfer_id_x,departure_object_id_x,arrival_object_id_x,departure_epoch_x,time_of_flight_x,revolutions_x,transfer_delta_v_x,atom_transfer_delta_v_x,atom_dv_ranking,combo,transfer_id_y,departure_object_id_y,arrival_object_id_y,departure_epoch_y,time_of_flight_y,revolutions_y,transfer_delta_v_y,atom_transfer_delta_v_y,lambert_dv_ranking
16060745,24812,27445,2457399.82407,353200.0,4,0.00309571927289,0.00310873546485,1.0,24812-27445,16062143,24812,27445,2457400.47222,337600.0,3,0.00296516236501,0.0042253056727,1.0
22188245,27445,24812,2457399.82407,353200.0,4,0.0041581510288,0.00316321021742,2.0,27445-24812,22187995,27445,24812,2457399.70833,353200.0,4,0.00400855113029,0.00368437229388,3.0
21498243,27380,26900,2457399.82407,337600.0,3,0.00411611488273,0.00363950591338,3.0,27380-26900,21498193,27380,26900,2457399.80093,337600.0,3,0.00401395056458,0.00381085289668,4.0
21250743,26900,27380,2457399.82407,337600.0,3,0.00378415664643,0.00385452401355,4.0,26900-27380,21250843,26900,27380,2457399.87037,337600.0,3,0.00357093557025,0.00436300079051,2.0
22489243,27513,26900,2457400.28704,337600.0,3,0.00464182459754,0.0041650854597,5.0,27513-26900,22488143,27513,26900,2457399.77778,337600.0,3,0.00448385258757,0.00418685255502,7.0
21260593,26900,27513,2457399.75463,337600.0,3,0.00407880178049,0.00441172483325,6.0,26900-27513,21261643,26900,27513,2457400.24074,337600.0,3,0.00407223975089,0.00443754376896,5.0
24243293,28790,27954,2457399.84722,337600.0,3,0.00509065767524,0.00461763779673,7.0,28790-27954,24243243,28790,27954,2457399.82407,337600.0,3,0.00503670215128,0.004707567989,9.0
23495643,27954,27715,2457399.77778,337600.0,3,0.00426429549101,0.00480745411365,8.0,27954-27715,23495643,27954,27715,2457399.77778,337600.0,3,0.00426429549101,0.00480745411365,6.0
23505743,27954,28790,2457399.82407,337600.0,3,0.0045790148618,0.00481811203748,9.0,27954-28790,23505793,27954,28790,2457399.84722,337600.0,3,0.00450801000812,0.00514252579989,8.0
22006093,27438,27683,2457399.98611,337600.0,3,0.00546724892269,0.00524446549052,10.0,27438-27683,22006043,27438,27683,2457399.96296,337600.0,3,0.00542387632392,0.00529998332064,11.0
22743443,27683,27438,2457399.91667,337600.0,3,0.0053119613162,0.00534047455725,11.0,27683-27438,22743493,27683,27438,2457399.93981,337600.0,3,0.00521717768903,0.005436084374,10.0
19275106,26038,27438,2457399.5463,49000.0,0,0.00549077934016,0.00550999970814,12.0,26038-27438,19275106,26038,27438,2457399.5463,49000.0,0,0.00549077934016,0.00550999970814,12.0
21972606,27438,26038,2457399.5463,49000.0,0,0.00557878536412,0.00552640691039,13.0,27438-26038,21972606,27438,26038,2457399.5463,49000.0,0,0.00557878536412,0.00552640691039,13.0
20470795,26608,25239,2457399.84722,353200.0,4,0.00582669040736,0.00554956130547,14.0,26608-25239,20470795,26608,25239,2457399.84722,353200.0,4,0.00582669040736,0.00554956130547,15.0
23003143,27715,27954,2457399.77778,337600.0,3,0.00669851135901,0.0056035371131,15.0,27715-27954,23003043,27715,27954,2457399.73148,337600.0,3,0.00608880945611,0.00565556370166,16.0
17529593,25239,26608,2457400.44907,337600.0,3,0.00594887621772,0.00614082287269,16.0,25239-26608,17528295,25239,26608,2457399.84722,353200.0,4,0.00573749083445,0.00637057280914,14.0
21507694,27380,27513,2457399.56944,345400.0,4,0.00638613374132,0.00621927991029,17.0,27380-27513,21508744,27380,27513,2457400.05556,345400.0,4,0.00622219304233,0.00622687488038,17.0
16078793,24812,28702,2457400.0787,337600.0,3,0.00630882559896,0.00627159728145,18.0,24812-28702,16078793,24812,28702,2457400.0787,337600.0,3,0.00630882559896,0.00627159728145,19.0
23922195,28702,24812,2457400.49537,353200.0,4,0.00634606797874,0.00629854426476,19.0,28702-24812,23920045,28702,24812,2457399.5,353200.0,4,0.00628666592729,0.00630328002196,18.0
24487143,28884,27715,2457400.47222,337600.0,3,0.00675405171898,0.00640933384143,20.0,28884-27715,24486043,28884,27715,2457399.96296,337600.0,3,0.00673502985031,0.00641254387735,21.0
24239843,28790,27715,2457400.56481,337600.0,3,0.0067016746535,0.00665209920909,21.0,28790-27715,24237593,28790,27715,2457399.52315,337600.0,3,0.00664047281008,0.00669924976787,20.0
24240743,28790,27854,2457399.82407,337600.0,3,0.00709283909677,0.00677328741856,22.0,28790-27854,24240743,28790,27854,2457399.82407,337600.0,3,0.00709283909677,0.00677328741856,26.0
22490195,27513,27380,2457399.56944,353200.0,4,0.00677652245754,0.00686276650679,23.0,27513-27380,22490195,27513,27380,2457399.56944,353200.0,4,0.00677652245754,0.00686276650679,22.0
23012443,27715,28790,2457400.61111,337600.0,3,0.00698063595443,0.00688401943398,24.0,27715-28790,23012443,27715,28790,2457400.61111,337600.0,3,0.00698063595443,0.00688401943398,25.0
24726243,29236,27445,2457400.05556,337600.0,3,0.00739625907651,0.00693051450558,25.0,29236-27445,24726293,29236,27445,2457400.0787,337600.0,3,0.00730526252217,0.00695284985569,28.0
23258193,27854,28790,2457399.80093,337600.0,3,0.00691671863809,0.00701140417274,26.0,27854-28790,23259095,27854,28790,2457400.21759,353200.0,4,0.00678797141434,0.00716284907096,24.0
23013893,27715,28884,2457400.125,337600.0,3,0.00678613729511,0.00701937583704,27.0,27715-28884,23013893,27715,28884,2457400.125,337600.0,3,0.00678613729511,0.00701937583704,23.0
22272545,27445,29236,2457399.5,353200.0,4,0.00714570299642,0.00758559641572,28.0,27445-29236,22272545,27445,29236,2457399.5,353200.0,4,0.00714570299642,0.00758559641572,27.0
23499244,27954,27854,2457400.28704,345400.0,4,0.00957187398339,0.00866505702759,29.0,27954-27854,23498193,27954,27854,2457399.80093,337600.0,3,0.00929149535004,0.00908568532637,30.0
23250594,27854,27954,2457399.75463,345400.0,3,0.00993002941173,0.00895984029182,30.0,27854-27954,23251545,27854,27954,2457400.19444,353200.0,4,0.00940702237086,0.00943353453695,32.0
24662694,29236,24812,2457399.56944,345400.0,4,0.00932135286769,0.00902652449987,31.0,29236-24812,24662694,29236,24812,2457399.56944,345400.0,4,0.00932135286769,0.00902652449987,31.0
22265394,27445,28702,2457399.66204,345400.0,4,0.00919182302062,0.00910871112753,32.0,27445-28702,22265444,27445,28702,2457399.68519,345400.0,4,0.00911498683855,0.00914959414397,29.0
23982595,28702,27445,2457399.52315,353200.0,4,0.00972152025042,0.00967329047017,33.0,28702-27445,23984695,28702,27445,2457400.49537,353200.0,4,0.00962396013941,0.00968936083707,33.0
21990994,27438,26824,2457399.93981,345400.0,4,0.010911222992,0.00973226672103,34.0,27438-26824,21991994,27438,26824,2457400.40278,345400.0,4,0.0102917828225,0.0100966047226,38.0
24491794,28884,27954,2457400.31019,345400.0,4,0.0122297555195,0.00984117357918,35.0,28884-27954,24491744,28884,27954,2457400.28704,345400.0,4,0.0103897995593,0.010283175425,40.0
21759944,27403,27683,2457400.61111,345400.0,4,0.0129275862573,0.010164339156,36.0,27403-27683,21759294,27403,27683,2457400.31019,345400.0,4,0.010292545309,0.0104407464442,39.0
23508145,27954,28884,2457399.77778,353200.0,4,0.0101751583874,0.0102868597727,37.0,27954-28884,23508045,27954,28884,2457399.73148,353200.0,4,0.0101670117962,0.0104423491189,36.0
16085095,24812,29236,2457399.52315,353200.0,4,0.00994634428409,0.0103510670538,38.0,24812-29236,16086294,24812,29236,2457400.0787,345400.0,3,0.00973343079342,0.0105127197328,34.0
20984996,26824,26038,2457400.63426,361000.0,4,0.0102852102644,0.0105640772595,39.0,26824-26038,20984946,26824,26038,2457400.61111,361000.0,4,0.0102753036904,0.0106335731805,37.0
22742194,27683,27403,2457400.49537,345400.0,3,0.0106001911685,0.010587004737,40.0,27683-27403,22741044,27683,27403,2457399.96296,345400.0,3,0.0098631142406,0.0115967804235,35.0
21008245,26824,27438,2457399.82407,353200.0,4,0.0105311845076,0.0108319934675,41.0,26824-27438,21008245,26824,27438,2457399.82407,353200.0,4,0.0105311845076,0.0108319934675,41.0
19267446,26038,26824,2457400.61111,361000.0,4,0.0113857627432,0.0111286255688,42.0,26038-26824,19267446,26038,26824,2457400.61111,361000.0,4,0.0113857627432,0.0111286255688,44.0
22715742,27683,26038,2457399.82407,329800.0,3,0.0112560382694,0.0112478755563,43.0,27683-26038,22715792,27683,26038,2457399.84722,329800.0,3,0.01123053583,0.0112479823082,42.0
19283192,26038,27683,2457399.80093,329800.0,3,0.0116551237525,0.0114668385608,44.0,26038-27683,19283292,26038,27683,2457399.84722,329800.0,3,0.0115686768657,0.011532170404,46.0
24499144,28884,28790,2457400.24074,345400.0,4,0.0127976583752,0.0116352673114,45.0,28884-28790,24498244,28884,28790,2457399.82407,345400.0,4,0.0117770464521,0.0116834595694,47.0
24251444,28790,28884,2457400.14815,345400.0,3,0.0113233671849,0.0119021710732,46.0,28790-28884,24251444,28790,28884,2457400.14815,345400.0,3,0.0113233671849,0.0119021710732,43.0
23249094,27854,27715,2457400.21759,345400.0,3,0.0115426892257,0.0119069891365,47.0,27854-27715,23249094,27854,27715,2457400.21759,345400.0,3,0.0115426892257,0.0119069891365,45.0
23000493,27715,27854,2457399.70833,337600.0,3,0.0132146802945,0.0127723952484,48.0,27715-27854,23001544,27715,27854,2457400.19444,345400.0,4,0.0129285922724,0.0128029068036,48.0
21016944,26824,27683,2457400.37963,345400.0,3,0.013841331896,0.013747719817,49.0,26824-27683,21016944,26824,27683,2457400.37963,345400.0,3,0.013841331896,0.013747719817,49.0
22734394,27683,26824,2457400.35648,345400.0,4,0.0142944282411,0.0140632435701,50.0,27683-26824,22734494,27683,26824,2457400.40278,345400.0,4,0.0141396826986,0.0141008228714,50.0
21998544,27438,27403,2457399.96296,345400.0,3,0.0146931205841,0.0144325321094,51.0,27438-27403,21999594,27438,27403,2457400.44907,345400.0,3,0.0144516697233,0.0146498494628,51.0
24742644,29236,28702,2457399.5463,345400.0,4,0.0148031767686,0.0145825696644,52.0,29236-28702,24742644,29236,28702,2457399.5463,345400.0,4,0.0148031767686,0.0145825696644,52.0
21751994,27403,27438,2457400.40278,345400.0,4,0.0150097907548,0.0150499161093,53.0,27403-27438,21751994,27403,27438,2457400.40278,345400.0,4,0.0150097907548,0.0150499161093,53.0
24005045,28702,29236,2457399.5,353200.0,4,0.0151983263247,0.0154712281443,54.0,28702-29236,24005045,28702,29236,2457399.5,353200.0,4,0.0151983263247,0.0154712281443,54.0
23260644,27854,28884,2457399.77778,345400.0,3,0.0177172806962,0.0176498115409,55.0,27854-28884,23261744,27854,28884,2457400.28704,345400.0,3,0.017291716853,0.0181618967799,55.0
24489294,28884,27854,2457400.31019,345400.0,4,0.0192271786108,0.0182212909281,56.0,28884-27854,24489244,28884,27854,2457400.28704,345400.0,4,0.0184006707957,0.0182276130033,56.0
21708094,27403,25239,2457399.75463,345400.0,3,0.0197631279165,0.0190934863621,57.0,27403-25239,21709244,27403,25239,2457400.28704,345400.0,3,0.0186882740454,0.0196683870854,57.0
17540693,25239,27403,2457399.80093,337600.0,3,0.0196998807831,0.0194695688416,58.0,25239-27403,17540643,25239,27403,2457399.77778,337600.0,3,0.0195735926019,0.0198526611274,58.0
21487894,27380,26590,2457399.66204,345400.0,3,0.0214811135129,0.0215926127298,59.0,27380-26590,21487894,27380,26590,2457399.66204,345400.0,3,0.0214811135129,0.0215926127298,59.0
19273243,26038,27403,2457399.82407,337600.0,3,0.0216972076218,0.0216688044791,60.0,26038-27403,19273293,26038,27403,2457399.84722,337600.0,3,0.0216400946449,0.0216989905862,60.0
20261693,26590,27380,2457400.26389,337600.0,3,0.0224012330592,0.0222840246447,61.0,26590-27380,20261693,26590,27380,2457400.26389,337600.0,3,0.0224012330592,0.0222840246447,62.0
12753444,23305,23528,2457399.91667,345400.0,3,0.0223538388303,0.022607741701,62.0,23305-23528,12753444,23305,23528,2457399.91667,345400.0,3,0.0223538388303,0.022607741701,61.0
21739594,27403,26608,2457400.44907,345400.0,3,0.0225126667064,0.0227912310814,63.0,27403-26608,21739594,27403,26608,2457400.44907,345400.0,3,0.0225126667064,0.0227912310814,63.0
20512143,26608,27403,2457400.47222,337600.0,3,0.0231027997079,0.0228528542329,64.0,26608-27403,20512143,26608,27403,2457400.47222,337600.0,3,0.0231027997079,0.0228528542329,65.0
21725742,27403,26038,2457399.82407,329800.0,3,0.0230378977118,0.0229930265578,65.0,27403-26038,21725742,27403,26038,2457399.82407,329800.0,3,0.0230378977118,0.0229930265578,64.0
13246043,23528,23305,2457399.96296,337600.0,3,0.0234861887046,0.023170021672,66.0,23528-23305,13246043,23528,23305,2457399.96296,337600.0,3,0.0234861887046,0.023170021672,66.0
21005994,26824,27403,2457399.93981,345400.0,3,0.0236364960615,0.0237802752016,67.0,26824-27403,21005994,26824,27403,2457399.93981,345400.0,3,0.0236364960615,0.0237802752016,67.0
21743543,27403,26824,2457399.96296,337600.0,3,0.0245580815535,0.0242980772366,68.0,27403-26824,21743443,27403,26824,2457399.91667,337600.0,3,0.0244305274269,0.0244238858648,68.0
23723094,28358,26824,2457399.75463,345400.0,3,0.0245849908855,0.0246212546484,69.0,28358-26824,23723094,28358,26824,2457399.75463,345400.0,3,0.0245849908855,0.0246212546484,69.0
21241644,26900,26590,2457400.24074,345400.0,3,0.0245968713558,0.0247666059099,70.0,26900-26590,21240594,26900,26590,2457399.75463,345400.0,3,0.0245956593533,0.025043031138,70.0
21025643,26824,28358,2457399.77778,337600.0,3,0.0254500327571,0.0251137828205,71.0,26824-28358,21025593,26824,28358,2457399.75463,337600.0,3,0.0253762335817,0.0252496771768,72.0
20258243,26590,26900,2457399.82407,337600.0,3,0.0255190298891,0.025348028852,72.0,26590-26900,20259293,26590,26900,2457400.31019,337600.0,3,0.025460953952,0.0253826188537,73.0
20253194,26590,26766,2457399.80093,345400.0,4,0.0263168292368,0.0258095350437,73.0,26590-26766,20253183,26590,26766,2457399.80093,259600.0,3,0.0262527496442,0.0258326443225,74.0
20745645,26766,26590,2457399.77778,353200.0,4,0.0253463168461,0.0259121229232,74.0,26766-26590,20746595,26766,26590,2457400.21759,353200.0,4,0.025151466614,0.0259313417239,71.0
22478594,27513,26590,2457399.98611,345400.0,3,0.0277610249218,0.0278727966654,75.0,27513-26590,22478544,27513,26590,2457399.96296,345400.0,3,0.0277604890456,0.0278744835347,75.0
20271043,26590,27513,2457399.96296,337600.0,3,0.0286108342187,0.0280663226281,76.0,26590-27513,20272043,26590,27513,2457400.42593,337600.0,3,0.0282248413853,0.0280768470526,77.0
14542948,23816,25922,2457399.68519,376600.0,4,0.0281106655905,0.0288284522956,77.0,23816-25922,14542948,23816,25922,2457399.68519,376600.0,4,0.0281106655905,0.0288284522956,76.0
18955498,25922,23816,2457399.70833,376600.0,4,0.0295836555459,0.0288669585088,78.0,25922-23816,18955498,25922,23816,2457399.70833,376600.0,4,0.0295836555459,0.0288669585088,80.0
22699145,27683,25239,2457400.24074,353200.0,4,0.0290449103859,0.0291045380143,79.0,27683-25239,22698194,27683,25239,2457399.80093,345400.0,3,0.0290172379076,0.029488586283,78.0
17550743,25239,27683,2457399.82407,337600.0,3,0.029671270032,0.0292957954328,80.0,25239-27683,17550643,25239,27683,2457399.77778,337600.0,3,0.0294049010066,0.0299650630118,79.0
17812492,25371,28702,2457400.63426,329800.0,3,0.0300175158655,0.0300941515489,81.0,25371-28702,17812492,25371,28702,2457400.63426,329800.0,3,0.0300175158655,0.0300941515489,82.0
19462341,26056,24732,2457400.56481,322000.0,3,0.0307476353952,0.0302204814031,82.0,26056-24732,19462341,26056,24732,2457400.56481,322000.0,3,0.0307476353952,0.0302204814031,86.0
15539891,24732,26056,2457400.58796,322000.0,3,0.0299133556304,0.0304313164711,83.0,24732-26056,15539891,24732,26056,2457400.58796,322000.0,3,0.0299133556304,0.0304313164711,81.0
21245644,26900,26766,2457399.77778,345400.0,3,0.0308348530436,0.0304625296287,84.0,26900-26766,21245644,26900,26766,2457399.77778,345400.0,3,0.0308348530436,0.0304625296287,87.0
21493144,27380,26766,2457399.77778,345400.0,3,0.0306434254456,0.0305320589571,85.0,27380-26766,21493144,27380,26766,2457399.77778,345400.0,3,0.0306434254456,0.0305320589571,85.0
20755743,26766,27380,2457399.82407,337600.0,3,0.0306104227375,0.030874586296,86.0,26766-27380,20756744,26766,27380,2457400.28704,345400.0,4,0.0303625775149,0.0308931969514,83.0
20753243,26766,26900,2457399.82407,337600.0,3,0.0306131182276,0.0309212813765,87.0,26766-26900,20753243,26766,26900,2457399.82407,337600.0,3,0.0306131182276,0.0309212813765,84.0
7757050,15308,16101,2457400.42593,392200.0,4,0.0321195052778,0.0316129526276,88.0,15308-16101,7757050,15308,16101,2457400.42593,392200.0,4,0.0321195052778,0.0316129526276,90.0
24737445,29236,27854,2457400.61111,353200.0,4,0.0320447426043,0.032027839153,89.0,29236-27854,24736395,29236,27854,2457400.125,353200.0,4,0.0320290702705,0.032032702288,89.0
23939996,28702,25371,2457400.63426,361000.0,4,0.0323787591807,0.0322725292186,90.0,28702-25371,23939996,28702,25371,2457400.63426,361000.0,4,0.0323787591807,0.0322725292186,92.0
22728295,27683,26608,2457399.84722,353200.0,4,0.0322394079912,0.0324700388417,91.0,27683-26608,22728295,27683,26608,2457399.84722,353200.0,4,0.0322394079912,0.0324700388417,91.0
23264093,27854,29236,2457400.21759,337600.0,3,0.0327431354028,0.0327346607919,92.0,27854-29236,23264093,27854,29236,2457400.21759,337600.0,3,0.0327431354028,0.0327346607919,93.0
8494500,16101,15308,2457400.40278,392200.0,4,0.0318951547808,0.0327639109995,93.0,16101-15308,8494500,16101,15308,2457400.40278,392200.0,4,0.0318951547808,0.0327639109995,88.0
20520993,26608,27683,2457399.93981,337600.0,3,0.0331104045862,0.0328894887117,94.0,26608-27683,20520993,26608,27683,2457399.93981,337600.0,3,0.0331104045862,0.0328894887117,95.0
21956845,27438,25239,2457400.33333,353200.0,4,0.0330557873251,0.0331197089507,95.0,27438-25239,21956845,27438,25239,2457400.33333,353200.0,4,0.0330557873251,0.0331197089507,94.0
17543393,25239,27438,2457399.89352,337600.0,3,0.0340892594434,0.034019500298,96.0,25239-27438,17543393,25239,27438,2457399.89352,337600.0,3,0.0340892594434,0.034019500298,96.0
23734445,28358,27438,2457400.37963,353200.0,4,0.0341338025483,0.0343224483985,97.0,28358-27438,23734445,28358,27438,2457400.37963,353200.0,4,0.0341338025483,0.0343224483985,97.0
22483144,27513,26766,2457399.77778,345400.0,3,0.0348362905332,0.0343889261264,98.0,27513-26766,22483144,27513,26766,2457399.77778,345400.0,3,0.0348362905332,0.0343889261264,99.0
20766793,26766,27513,2457400.31019,337600.0,3,0.0347897039768,0.0350959531868,99.0,26766-27513,20766793,26766,27513,2457400.31019,337600.0,3,0.0347897039768,0.0350959531868,98.0
19294994,26038,28358,2457400.63426,345400.0,4,0.0359542092414,0.0357398506514,100.0,26038-28358,19294994,26038,28358,2457400.63426,345400.0,4,0.0359542092414,0.0357398506514,100.0
23707495,28358,26038,2457400.63426,353200.0,4,0.0361302318045,0.0361737241515,101.0,28358-26038,23707495,28358,26038,2457400.63426,353200.0,4,0.0361302318045,0.0361737241515,101.0
21985545,27438,26608,2457399.73148,353200.0,4,0.0361554089188,0.0364607010362,102.0,27438-26608,21985545,27438,26608,2457399.73148,353200.0,4,0.0361554089188,0.0364607010362,102.0
22016293,27438,28358,2457400.0787,337600.0,3,0.0375359762621,0.0365244400248,103.0,27438-28358,22016193,27438,28358,2457400.03241,337600.0,3,0.0368724985211,0.0370674401904,104.0
24746045,29236,28790,2457399.96296,353200.0,4,0.0368099677025,0.0369828060528,104.0,29236-28790,24746045,29236,28790,2457399.96296,353200.0,4,0.0368099677025,0.0369828060528,103.0
22258245,27445,27854,2457399.82407,353200.0,4,0.038436896076,0.0374351338546,105.0,27445-27854,22258095,27445,27854,2457399.75463,353200.0,4,0.0374657934326,0.0378084667006,105.0
23741645,28358,27683,2457400.24074,353200.0,4,0.0375625826846,0.0378185533857,106.0,28358-27683,23741645,28358,27683,2457400.24074,353200.0,4,0.0375625826846,0.0378185533857,106.0
20513493,26608,27438,2457399.93981,337600.0,3,0.0380193437876,0.0378681017757,107.0,26608-27438,20513493,26608,27438,2457399.93981,337600.0,3,0.0380193437876,0.0378681017757,107.0
24253843,28790,29236,2457400.10185,337600.0,3,0.0395912287232,0.0391552495868,108.0,28790-29236,24254843,28790,29236,2457400.56481,337600.0,3,0.0384950004479,0.041038905773,108.0
16070695,24812,27854,2457399.80093,353200.0,4,0.0400031490896,0.0394348506749,109.0,24812-27854,16070545,24812,27854,2457399.73148,353200.0,4,0.0392018588869,0.0395277761028,109.0
16017492,24812,25371,2457400.63426,329800.0,3,0.0395325297417,0.0394480930421,110.0,24812-25371,16017492,24812,25371,2457400.63426,329800.0,3,0.0395325297417,0.0394480930421,110.0
24738945,29236,27954,2457400.14815,353200.0,4,0.0396854925074,0.0396651689626,111.0,29236-27954,24738945,29236,27954,2457400.14815,353200.0,4,0.0396854925074,0.0396651689626,112.0
17734992,25371,24812,2457400.63426,329800.0,3,0.0399166466309,0.0399793136717,112.0,25371-24812,17734992,25371,24812,2457400.63426,329800.0,3,0.0399166466309,0.0399793136717,113.0
19233194,26038,25239,2457399.80093,345400.0,3,0.0408076768886,0.040895230626,113.0,26038-25239,19233194,26038,25239,2457399.80093,345400.0,3,0.0408076768886,0.040895230626,115.0
23241043,27854,27445,2457399.96296,337600.0,3,0.039646956837,0.0411949038692,114.0,27854-27445,23241043,27854,27445,2457399.96296,337600.0,3,0.039646956837,0.0411949038692,111.0
13515994,23571,23915,2457399.93981,345400.0,3,0.0407488167009,0.0414061734249,115.0,23571-23915,13515994,23571,23915,2457399.93981,345400.0,3,0.0407488167009,0.0414061734249,114.0
15233593,23915,23571,2457399.98611,337600.0,3,0.0422590194881,0.0416334777821,116.0,23915-23571,15233593,23915,23571,2457399.98611,337600.0,3,0.0422590194881,0.0416334777821,118.0
20966595,26824,25239,2457400.21759,353200.0,4,0.0419902713723,0.0420285455867,117.0,26824-25239,20966645,26824,25239,2457400.24074,353200.0,4,0.0416325402253,0.0421777533804,116.0
24733845,29236,27715,2457400.10185,353200.0,4,0.0420116141917,0.0421388767436,118.0,29236-27715,24733845,29236,27715,2457400.10185,353200.0,4,0.0420116141917,0.0421388767436,117.0
18018395,25473,26451,2457399.89352,353200.0,4,0.0427026020146,0.0422888364341,119.0,25473-26451,18018395,25473,26451,2457399.89352,353200.0,4,0.0427026020146,0.0422888364341,122.0
22269845,27445,28790,2457400.56481,353200.0,4,0.0426514218723,0.0426363385792,120.0,27445-28790,22269845,27445,28790,2457400.56481,353200.0,4,0.0426514218723,0.0426363385792,120.0
17794443,25371,27445,2457400.37963,337600.0,3,0.0426827455479,0.042685015842,121.0,25371-27445,17794493,25371,27445,2457400.40278,337600.0,3,0.0426798885502,0.0426880287267,121.0
16770543,24957,25922,2457399.73148,337600.0,3,0.0425251790984,0.0429922379467,122.0,24957-25922,16770543,24957,25922,2457399.73148,337600.0,3,0.0425251790984,0.0429922379467,119.0
18977845,25922,24957,2457399.63889,353200.0,4,0.043646163479,0.0430536403656,123.0,25922-24957,18977944,25922,24957,2457399.68519,345400.0,3,0.0435542581943,0.0430636574845,128.0
5504249,12474,13083,2457400.28704,384400.0,4,0.0428429345394,0.0431335370608,124.0,12474-13083,5504249,12474,13083,2457400.28704,384400.0,4,0.0428429345394,0.0431335370608,123.0
17515842,25239,26038,2457399.87037,329800.0,3,0.0431894683713,0.0431342551815,125.0,25239-26038,17515842,25239,26038,2457399.87037,329800.0,3,0.0431894683713,0.0431342551815,124.0
22207242,27445,25371,2457400.51852,329800.0,3,0.0432683653542,0.0431680059766,126.0,27445-25371,22207192,27445,25371,2457400.49537,329800.0,3,0.0432651815895,0.0431776045075,126.0
5996749,13083,12474,2457400.28704,384400.0,4,0.0434895243866,0.0431777089486,127.0,13083-12474,5996749,13083,12474,2457400.28704,384400.0,4,0.0434895243866,0.0431777089486,127.0
22759194,27683,28358,2457400.26389,345400.0,4,0.0437733980571,0.0435561324932,128.0,27683-28358,22759194,27683,28358,2457400.26389,345400.0,4,0.0437733980571,0.0435561324932,129.0
11830994,22871,26451,2457399.93981,345400.0,3,0.0432490891094,0.0439611771065,129.0,22871-26451,11830994,22871,26451,2457399.93981,345400.0,3,0.0432490891094,0.0439611771065,125.0
19260494,26038,26608,2457399.70833,345400.0,3,0.0438182136386,0.0441412823927,130.0,26038-26608,19260544,26038,26608,2457399.73148,345400.0,3,0.0438124439306,0.0441527316627,130.0
19918593,26451,22871,2457399.98611,337600.0,3,0.0448825993929,0.0441594495887,131.0,26451-22871,19918593,26451,22871,2457399.98611,337600.0,3,0.0448825993929,0.0441594495887,132.0
16080295,24812,28790,2457399.61574,353200.0,4,0.0459569996184,0.0451191439015,132.0,24812-28790,16081395,24812,28790,2457400.125,353200.0,4,0.0447954350385,0.0456245045319,131.0
20995795,26824,26608,2457399.84722,353200.0,4,0.0450080935725,0.0451223243884,133.0,26824-26608,20995795,26824,26608,2457399.84722,353200.0,4,0.0450080935725,0.0451223243884,133.0
14522448,23816,24957,2457400.61111,376600.0,4,0.046266911666,0.0455900480206,134.0,23816-24957,14522448,23816,24957,2457400.61111,376600.0,4,0.046266911666,0.0455900480206,137.0
22260645,27445,27954,2457399.77778,353200.0,4,0.0472782677427,0.0456585936624,135.0,27445-27954,22260645,27445,27954,2457399.77778,353200.0,4,0.0472782677427,0.0456585936624,145.0
12558347,23175,25585,2457399.87037,368800.0,4,0.0463612073509,0.0457153884173,136.0,23175-25585,12558347,23175,25585,2457399.87037,368800.0,4,0.0463612073509,0.0457153884173,138.0
18440846,25585,23175,2457399.87037,361000.0,4,0.0451091431596,0.0457896268839,137.0,25585-23175,18440846,25585,23175,2457399.87037,361000.0,4,0.0451091431596,0.0457896268839,134.0
23178593,27854,24812,2457399.98611,337600.0,3,0.0471445343847,0.0462083664574,138.0,27854-24812,23178643,27854,24812,2457400.00926,337600.0,3,0.0467341833898,0.0494886751959,140.0
23510493,27954,29236,2457399.70833,337600.0,3,0.0528679830995,0.0463186184152,139.0,27954-29236,23510543,27954,29236,2457399.73148,337600.0,3,0.0453247878686,0.0478362700565,135.0
20488092,26608,26038,2457399.75463,329800.0,3,0.0464386035415,0.0463376961924,140.0,26608-26038,20488092,26608,26038,2457399.75463,329800.0,3,0.0464386035415,0.0463376961924,139.0
19980994,26451,25473,2457399.93981,345400.0,4,0.046200166947,0.0464550469776,141.0,26451-25473,19981093,26451,25473,2457399.98611,337600.0,3,0.0459763920815,0.0467799945726,136.0
17819943,25371,29236,2457400.61111,337600.0,3,0.0468805889965,0.0469853359241,142.0,25371-29236,17819993,25371,29236,2457400.63426,337600.0,3,0.0468229744894,0.0470033337302,141.0
23488443,27954,27445,2457399.91667,337600.0,4,0.0468715612391,0.047123827236,143.0,27954-27445,23488443,27954,27445,2457399.91667,337600.0,4,0.0468715612391,0.047123827236,142.0
20504593,26608,26824,2457400.44907,337600.0,4,0.047184143397,0.0471286988827,144.0,26608-26824,20504593,26608,26824,2457400.44907,337600.0,4,0.047184143397,0.0471286988827,144.0
24169093,28790,24812,2457400.21759,337600.0,4,0.0475364740913,0.0474341128035,145.0,28790-24812,24169093,28790,24812,2457400.21759,337600.0,4,0.0475364740913,0.0474341128035,149.0
23730645,28358,27403,2457399.77778,353200.0,4,0.0473673896081,0.0475409767411,146.0,28358-27403,23731745,28358,27403,2457400.28704,353200.0,4,0.0469073478804,0.0481081929492,143.0
10814542,21906,25110,2457400.42593,329800.0,3,0.0472920275529,0.0476328967514,147.0,21906-25110,10814542,21906,25110,2457400.42593,329800.0,3,0.0472920275529,0.0476328967514,146.0
12294193,23124,24957,2457400.26389,337600.0,3,0.0473091127816,0.0478810150002,148.0,23124-24957,12294193,23124,24957,2457400.26389,337600.0,3,0.0473091127816,0.0478810150002,147.0
16706594,24957,23124,2457400.21759,345400.0,3,0.048526423388,0.0478972658781,149.0,24957-23124,16706594,24957,23124,2457400.21759,345400.0,3,0.048526423388,0.0478972658781,151.0
16729997,24957,23816,2457400.63426,368800.0,4,0.0474006994505,0.0480639495892,150.0,24957-23816,16729997,24957,23816,2457400.63426,368800.0,4,0.0474006994505,0.0480639495892,148.0
24749495,29236,28884,2457400.40278,353200.0,4,0.0503571669292,0.0483955058666,151.0,29236-28884,24748495,29236,28884,2457399.93981,353200.0,4,0.0487590174213,0.0529637880831,153.0
16074095,24812,27954,2457400.21759,353200.0,4,0.048339623808,0.0484635810521,152.0,24812-27954,16074095,24812,27954,2457400.21759,353200.0,4,0.048339623808,0.0484635810521,150.0
23992895,28702,27854,2457399.66204,353200.0,4,0.0486165865182,0.0487117117691,153.0,28702-27854,23992895,28702,27854,2457399.66204,353200.0,4,0.0486165865182,0.0487117117691,152.0
17186742,25110,21906,2457400.28704,329800.0,3,0.0489562834348,0.0487117207792,154.0,25110-21906,17186742,25110,21906,2457400.28704,329800.0,3,0.0489562834348,0.0487117207792,154.0
17533342,25239,26824,2457399.87037,329800.0,3,0.0492791170195,0.0491804985216,155.0,25239-26824,17533342,25239,26824,2457399.87037,329800.0,3,0.0492791170195,0.0491804985216,155.0
24682345,29236,25371,2457400.56481,353200.0,4,0.0494108004399,0.0492523696229,156.0,29236-25371,24682295,29236,25371,2457400.54167,353200.0,4,0.049404486146,0.049265858403,156.0
21768293,27403,28358,2457399.84722,337600.0,4,0.0521623838339,0.0497265739475,157.0,27403-28358,21768243,27403,28358,2457399.82407,337600.0,4,0.051892378942,0.0508212125403,163.0
23426943,27954,24812,2457400.37963,337600.0,4,0.0520751356793,0.049726837776,158.0,27954-24812,23427093,27954,24812,2457400.44907,337600.0,4,0.049889300094,0.0503611843164,158.0
24231542,28790,27445,2457400.19444,329800.0,3,0.0499472919134,0.0498590362927,159.0,28790-27445,24231542,28790,27445,2457400.19444,329800.0,3,0.0499472919134,0.0498590362927,159.0
24500093,28884,29236,2457399.52315,337600.0,4,0.05058487143,0.0501430880351,160.0,28884-29236,24502243,28884,29236,2457400.51852,337600.0,4,0.0501061018052,0.0507787044718,160.0
23016792,27715,29236,2457400.31019,329800.0,3,0.0503352864331,0.0501958308212,161.0,27715-29236,23016792,27715,29236,2457400.31019,329800.0,3,0.0503352864331,0.0501958308212,161.0
14982096,23877,23461,2457400.44907,361000.0,4,0.0496005065791,0.050222232214,162.0,23877-23461,14982096,23877,23461,2457400.44907,361000.0,4,0.0496005065791,0.050222232214,157.0
13019645,23461,23877,2457400.47222,353200.0,4,0.0510736878792,0.0503984592481,163.0,23461-23877,13019645,23461,23877,2457400.47222,353200.0,4,0.0510736878792,0.0503984592481,162.0
22994993,27715,27445,2457400.63426,337600.0,4,0.0520894403649,0.0517753584617,164.0,27715-27445,22994993,27715,27445,2457400.63426,337600.0,4,0.0520894403649,0.0517753584617,165.0
23256442,27854,28702,2457400.14815,329800.0,3,0.0522827589989,0.0521687593482,165.0,27854-28702,23256442,27854,28702,2457400.14815,329800.0,3,0.0522827589989,0.0521687593482,166.0
18716345,25626,23915,2457400.10185,353200.0,4,0.0519605312042,0.0525019178694,166.0,25626-23915,18716345,25626,23915,2457400.10185,353200.0,4,0.0519605312042,0.0525019178694,164.0
15283944,23915,25626,2457400.14815,345400.0,3,0.0530954777193,0.0525476310927,167.0,23915-25626,15283944,23915,25626,2457400.14815,345400.0,3,0.0530954777193,0.0525476310927,168.0
22931443,27715,24812,2457400.14815,337600.0,4,0.0530365026784,0.0528765416122,168.0,27715-24812,22931443,27715,24812,2457400.14815,337600.0,4,0.0530365026784,0.0528765416122,167.0
24247943,28790,28702,2457399.68519,337600.0,4,0.0534944557642,0.0530062834395,169.0,28790-28702,24247993,28790,28702,2457399.70833,337600.0,4,0.0532071268122,0.0530349032749,169.0
22256244,27445,27715,2457400.05556,345400.0,3,0.0532456432184,0.0533824754609,170.0,27445-27715,22256244,27445,27715,2457400.05556,345400.0,3,0.0532456432184,0.0533824754609,170.0
22272395,27445,28884,2457400.58796,353200.0,3,0.0538497037624,0.0535899795402,171.0,27445-28884,22272395,27445,28884,2457400.58796,353200.0,3,0.0538497037624,0.0535899795402,171.0
12524246,23175,23877,2457400.28704,361000.0,4,0.0543285635886,0.0542517198388,172.0,23175-23877,12524246,23175,23877,2457400.28704,361000.0,4,0.0543285635886,0.0542517198388,172.0
20534545,26608,28702,2457400.42593,353200.0,3,0.0545989132682,0.0547943827232,173.0,26608-28702,20534545,26608,28702,2457400.42593,353200.0,3,0.0545989132682,0.0547943827232,173.0
10992491,21989,20873,2457400.63426,322000.0,3,0.0551539781929,0.0553720568519,174.0,21989-20873,10992442,21989,20873,2457400.61111,329800.0,3,0.0551023477486,0.0555280919251,175.0
23992295,28702,27715,2457400.54167,353200.0,3,0.055425574433,0.0554586345792,175.0,28702-27715,23990145,28702,27715,2457399.5463,353200.0,3,0.0554152340072,0.0555407197714,176.0
18466044,25585,23877,2457399.96296,345400.0,3,0.0550316881474,0.0555368163857,176.0,25585-23877,18466044,25585,23877,2457399.96296,345400.0,3,0.0550316881474,0.0555368163857,174.0
16083895,24812,28884,2457400.125,353200.0,3,0.0557643886121,0.055778913756,177.0,24812-28884,16083945,24812,28884,2457400.14815,353200.0,3,0.0554623930534,0.0561778411504,177.0
253944,2639,2969,2457400.14815,345400.0,3,0.0563713823795,0.0560459800759,178.0,2639-2969,253944,2639,2969,2457400.14815,345400.0,3,0.0563713823795,0.0560459800759,180.0
250094,2639,2717,2457399.52315,345400.0,4,0.0565178082003,0.0561046457546,179.0,2639-2717,250094,2639,2717,2457399.52315,345400.0,4,0.0565178082003,0.0561046457546,182.0
24478043,28884,27445,2457399.73148,337600.0,4,0.0563867179479,0.0562053088836,180.0,28884-27445,24478043,28884,27445,2457399.73148,337600.0,4,0.0563867179479,0.0562053088836,181.0
14976944,23877,23175,2457400.37963,345400.0,4,0.0563576635604,0.0564751871359,181.0,23877-23175,14976944,23877,23175,2457400.37963,345400.0,4,0.0563576635604,0.0564751871359,179.0
497594,2717,2639,2457399.52315,345400.0,3,0.0563105058482,0.0566788639526,182.0,2717-2639,499695,2717,2639,2457400.49537,353200.0,4,0.0562997435483,0.0568811361488,178.0
23503243,27954,28702,2457399.82407,337600.0,4,0.0572620954657,0.0569092580218,183.0,27954-28702,23503343,27954,28702,2457399.87037,337600.0,4,0.0569084753658,0.0569765023123,183.0
16069894,24812,27715,2457400.58796,345400.0,3,0.0569361660182,0.0570795230902,184.0,24812-27715,16069944,24812,27715,2457400.61111,345400.0,3,0.0569317055766,0.0570902743102,184.0
24001494,28702,28790,2457400.1713,345400.0,3,0.0569466332071,0.0571158335789,185.0,28702-28790,24001494,28702,28790,2457400.1713,345400.0,3,0.0569466332071,0.0571158335789,185.0
6002446,13083,13595,2457400.61111,361000.0,4,0.0577979714388,0.0580922462325,186.0,13083-13595,6002446,13083,13595,2457400.61111,361000.0,4,0.0577979714388,0.0580922462325,187.0
746444,2969,2639,2457400.14815,345400.0,4,0.0577875835106,0.0581331274129,187.0,2969-2639,746444,2969,2639,2457400.14815,345400.0,4,0.0577875835106,0.0581331274129,186.0
17564395,25239,28702,2457400.35648,353200.0,3,0.0587550668516,0.058288492662,188.0,25239-28702,17563295,25239,28702,2457399.84722,353200.0,3,0.058527422618,0.0585765844099,189.0
23965093,28702,26608,2457399.52315,337600.0,4,0.058433488101,0.0583145340226,189.0,28702-26608,23966143,28702,26608,2457400.00926,337600.0,4,0.0584151389057,0.0583272392687,188.0
10009247,20873,21989,2457400.28704,368800.0,4,0.0589328084737,0.0586017563378,190.0,20873-21989,10009247,20873,21989,2457400.28704,368800.0,4,0.0589328084737,0.0586017563378,191.0
6249847,13595,13083,2457400.56481,368800.0,4,0.0592834650281,0.0590127520383,191.0,13595-13083,6249847,13595,13083,2457400.56481,368800.0,4,0.0592834650281,0.0590127520383,192.0
501944,2717,2969,2457400.37963,345400.0,3,0.0587455641933,0.059112742678,192.0,2717-2969,501944,2717,2969,2457400.37963,345400.0,3,0.0587455641933,0.059112742678,190.0
15033742,23877,25585,2457400.05556,329800.0,3,0.0597699895297,0.0593507771771,193.0,23877-25585,15033742,23877,25585,2457400.05556,329800.0,3,0.0597699895297,0.0593507771771,194.0
24416643,28884,24812,2457400.24074,337600.0,4,0.05964575153,0.0594834162953,194.0,28884-24812,24416643,28884,24812,2457400.24074,337600.0,4,0.05964575153,0.0594834162953,193.0
23007843,27715,28702,2457399.63889,337600.0,4,0.0598758011701,0.0596559757101,195.0,27715-28702,23007843,27715,28702,2457399.63889,337600.0,4,0.0598758011701,0.0596559757101,195.0
23997346,28702,27954,2457400.56481,361000.0,4,0.0600191473955,0.0600384131105,196.0,28702-27954,23997446,28702,27954,2457400.61111,361000.0,4,0.0599664835266,0.0600480853058,196.0
20457095,26608,24812,2457400.44907,353200.0,3,0.0600751952098,0.0601312570875,197.0,26608-24812,20457095,26608,24812,2457400.44907,353200.0,3,0.0600751952098,0.0601312570875,197.0
13552496,23571,25626,2457400.63426,361000.0,4,0.0604231389448,0.0605873550725,198.0,23571-25626,13551396,23571,25626,2457400.125,361000.0,4,0.0602774165329,0.0607553467527,198.0
18699193,25626,23571,2457400.26389,337600.0,3,0.0613475293218,0.0607642607081,199.0,25626-23571,18698143,25626,23571,2457399.77778,337600.0,3,0.0609062667004,0.0613306491041,200.0
17775142,25371,26608,2457399.5463,329800.0,3,0.0608681816637,0.0608118319778,200.0,25371-26608,17775142,25371,26608,2457399.5463,329800.0,3,0.0608681816637,0.0608118319778,199.0
749642,2969,2717,2457400.47222,329800.0,3,0.0613953821182,0.061122872474,201.0,2969-2717,749642,2969,2717,2457400.47222,329800.0,3,0.0613953821182,0.061122872474,202.0
24004945,28702,28884,2457400.61111,353200.0,3,0.0610386803897,0.061124507489,202.0,28702-28884,24004995,28702,28884,2457400.63426,353200.0,3,0.0610350889082,0.0612979732301,201.0
23936043,28702,25239,2457399.96296,337600.0,4,0.0623309407321,0.0622038437042,203.0,28702-25239,23936043,28702,25239,2457399.96296,337600.0,4,0.0623309407321,0.0622038437042,205.0
20472893,26608,25371,2457399.66204,337600.0,3,0.0621194733785,0.0622176479245,204.0,26608-25371,20472893,26608,25371,2457399.66204,337600.0,3,0.0621194733785,0.0622176479245,203.0
11811994,22871,25473,2457400.40278,345400.0,4,0.0622389908133,0.0629910962771,205.0,22871-25473,11811994,22871,25473,2457400.40278,345400.0,4,0.0622389908133,0.0629910962771,204.0
17938444,25473,22871,2457399.91667,345400.0,3,0.0638668638474,0.0631362047939,206.0,25473-22871,17938444,25473,22871,2457399.91667,345400.0,3,0.0638668638474,0.0631362047939,211.0
10253495,21653,21906,2457399.93981,353200.0,3,0.0628210709909,0.0631518283897,207.0,21653-21906,10253445,21653,21906,2457399.91667,353200.0,3,0.0628049143349,0.0632420281648,206.0
20515945,26608,27445,2457399.91667,353200.0,3,0.0634569886548,0.0634238908588,208.0,26608-27445,20515945,26608,27445,2457399.91667,353200.0,3,0.0634569886548,0.0634238908588,207.0
16924292,25086,20315,2457400.31019,329800.0,3,0.0640972140347,0.0635538600499,209.0,25086-20315,16924292,25086,20315,2457400.31019,329800.0,3,0.0640972140347,0.0635538600499,212.0
17486745,25239,24812,2457400.28704,353200.0,3,0.0639580696591,0.0637851641954,210.0,25239-24812,17486645,25239,24812,2457400.24074,353200.0,3,0.0637511791472,0.0641072040814,210.0
7243146,14421,14077,2457399.77778,361000.0,4,0.0635311812096,0.0639245744161,211.0,14421-14077,7243146,14421,14077,2457399.77778,361000.0,4,0.0635311812096,0.0639245744161,209.0
9326643,20315,25086,2457400.24074,337600.0,3,0.0635123559222,0.0640438075322,212.0,20315-25086,9326643,20315,25086,2457400.24074,337600.0,3,0.0635123559222,0.0640438075322,208.0
17747542,25371,25239,2457399.5,329800.0,3,0.0646685865953,0.0645624905707,213.0,25371-25239,17747592,25371,25239,2457399.52315,329800.0,3,0.0646652571063,0.0645729170685,213.0
20284395,26590,28358,2457400.35648,353200.0,3,0.0647841800991,0.0648134076616,214.0,26590-28358,20284395,26590,28358,2457400.35648,353200.0,3,0.0647841800991,0.0648134076616,214.0
16042643,24812,26608,2457399.5463,337600.0,4,0.0653228132931,0.0652005117628,215.0,24812-26608,16042643,24812,26608,2457399.5463,337600.0,4,0.0653228132931,0.0652005117628,218.0
6508206,14077,14786,2457399.82407,49000.0,0,0.0652120400122,0.0652440305755,216.0,14077-14786,6508206,14077,14786,2457399.82407,49000.0,0,0.0652120400122,0.0652440305755,215.0
7490706,14786,14077,2457399.82407,49000.0,0,0.0652727944882,0.0652660369283,217.0,14786-14077,7490706,14786,14077,2457399.82407,49000.0,0,0.0652727944882,0.0652660369283,216.0
23688045,28358,25239,2457399.73148,353200.0,3,0.0652896374935,0.0654779097946,218.0,28358-25239,23688045,28358,25239,2457399.73148,353200.0,3,0.0652896374935,0.0654779097946,217.0
17500043,25239,25371,2457399.5,337600.0,3,0.065628606261,0.0657435416464,219.0,25239-25371,17500043,25239,25371,2457399.5,337600.0,3,0.065628606261,0.0657435416464,219.0
12503646,23175,23461,2457400.00926,361000.0,4,0.0664069392866,0.0664825427333,220.0,23175-23461,12503646,23175,23461,2457400.00926,361000.0,4,0.0664069392866,0.0664825427333,220.0
24495543,28884,28702,2457399.73148,337600.0,4,0.0667011050211,0.0664917061847,221.0,28884-28702,24495593,28884,28702,2457399.75463,337600.0,4,0.0666943686299,0.066528655507,222.0
17546845,25239,27445,2457400.33333,353200.0,3,0.0665376083515,0.0666042114505,222.0,25239-27445,17546845,25239,27445,2457400.33333,353200.0,3,0.0665376083515,0.0666042114505,221.0
16487543,24916,23915,2457399.5,337600.0,3,0.0688795124493,0.0685996361698,223.0,24916-23915,16487543,24916,23915,2457399.5,337600.0,3,0.0688795124493,0.0685996361698,223.0
23718345,28358,26608,2457399.87037,353200.0,3,0.068973706102,0.0691149304095,224.0,28358-26608,23718345,28358,26608,2457399.87037,353200.0,3,0.068973706102,0.0691149304095,224.0
22233792,27445,26608,2457400.0787,329800.0,3,0.0692295865961,0.069163366947,225.0,27445-26608,22233792,27445,26608,2457400.0787,329800.0,3,0.0692295865961,0.069163366947,226.0
20541295,26608,29236,2457400.0787,353200.0,3,0.0691167450295,0.0692025260222,226.0,26608-29236,20540845,26608,29236,2457399.87037,353200.0,3,0.0690266042634,0.0693601955662,225.0
16014542,24812,25239,2457400.42593,329800.0,3,0.0696514701711,0.0694963704258,227.0,24812-25239,16014592,24812,25239,2457400.44907,329800.0,3,0.0695968703938,0.0696185656512,227.0
7744494,15308,14365,2457400.40278,345400.0,3,0.069676357071,0.0695221443756,228.0,15308-14365,7744494,15308,14365,2457400.40278,345400.0,3,0.069676357071,0.0695221443756,228.0
15260092,23915,24916,2457399.52315,329800.0,3,0.0699076829141,0.0701225539404,229.0,23915-24916,15260092,23915,24916,2457399.52315,329800.0,3,0.0699076829141,0.0701225539404,229.0
10747094,21906,21653,2457400.44907,345400.0,4,0.0704617634109,0.070136376985,230.0,21906-21653,10746242,21906,21653,2457400.05556,329800.0,3,0.0703498324083,0.0701583377561,231.0
23717242,28358,26590,2457400.51852,329800.0,3,0.0703183845295,0.0702579688603,231.0,28358-26590,23717242,28358,26590,2457400.51852,329800.0,3,0.0703183845295,0.0702579688603,230.0
6505844,14077,14421,2457399.87037,345400.0,4,0.0707453809798,0.0704981038297,232.0,14077-14421,6505844,14077,14421,2457399.87037,345400.0,4,0.0707453809798,0.0704981038297,232.0
17560792,25239,28358,2457399.84722,329800.0,3,0.0709529772862,0.0707964434987,233.0,25239-28358,17560792,25239,28358,2457399.84722,329800.0,3,0.0709529772862,0.0707964434987,233.0
7007192,14365,15308,2457400.49537,329800.0,3,0.0709573901829,0.0711086021306,234.0,14365-15308,7007192,14365,15308,2457400.49537,329800.0,3,0.0709573901829,0.0711086021306,234.0
13258147,23528,23764,2457399.77778,368800.0,4,0.0716087887744,0.0712695779032,235.0,23528-23764,13258147,23528,23764,2457399.77778,368800.0,4,0.0716087887744,0.0712695779032,235.0
22204642,27445,25239,2457400.47222,329800.0,3,0.0719906854295,0.0718274022293,236.0,27445-25239,22202542,27445,25239,2457399.5,329800.0,3,0.0719723024774,0.0718692020089,236.0
20779295,26766,28358,2457400.31019,353200.0,3,0.0720043312412,0.0722646248022,237.0,26766-28358,20779295,26766,28358,2457400.31019,353200.0,3,0.0720043312412,0.0722646248022,237.0
14240944,23764,23528,2457399.91667,345400.0,4,0.0724341741096,0.0726741510882,238.0,23764-23528,14240944,23764,23528,2457399.91667,345400.0,4,0.0724341741096,0.0726741510882,238.0
16470292,24916,23571,2457399.61574,329800.0,3,0.073526898516,0.0729060110957,239.0,24916-23571,16470292,24916,23571,2457399.61574,329800.0,3,0.073526898516,0.0729060110957,241.0
13527891,23571,24916,2457399.66204,322000.0,3,0.0724778448658,0.0730567665269,240.0,23571-24916,13527891,23571,24916,2457399.66204,322000.0,3,0.0724778448658,0.0730567665269,239.0
17572045,25239,29236,2457400.42593,353200.0,3,0.0730725122498,0.0732046759732,241.0,25239-29236,17572045,25239,29236,2457400.42593,353200.0,3,0.0730725122498,0.0732046759732,240.0
20531242,26608,28358,2457400.05556,329800.0,3,0.0740396864871,0.0739219585099,242.0,26608-28358,20531242,26608,28358,2457400.05556,329800.0,3,0.0740396864871,0.0739219585099,242.0
24709042,29236,26608,2457400.19444,329800.0,3,0.0741139431764,0.0739610430766,243.0,29236-26608,24709042,29236,26608,2457400.19444,329800.0,3,0.0741139431764,0.0739610430766,243.0
3503796,7544,8330,2457400.0787,361000.0,4,0.0743868968031,0.0746055719812,244.0,7544-8330,3503796,7544,8330,2457400.0787,361000.0,4,0.0743868968031,0.0746055719812,244.0
19449845,26056,23764,2457400.56481,353200.0,4,0.0744937377868,0.0751689324836,245.0,26056-23764,19449845,26056,23764,2457400.56481,353200.0,4,0.0744937377868,0.0751689324836,245.0
14302196,23764,26056,2457400.49537,361000.0,4,0.0759158103439,0.0752425484719,246.0,23764-26056,14302196,23764,26056,2457400.49537,361000.0,4,0.0759158103439,0.0752425484719,246.0
23722092,28358,26766,2457400.44907,329800.0,3,0.0771123071066,0.0768053984108,247.0,28358-26766,23722092,28358,26766,2457400.44907,329800.0,3,0.0771123071066,0.0768053984108,248.0
21770796,27403,28702,2457399.84722,361000.0,4,0.0768418340148,0.0769479643648,248.0,27403-28702,21770746,27403,28702,2457399.82407,361000.0,4,0.0768243850829,0.0769611996211,247.0
24679792,29236,25239,2457400.54167,329800.0,3,0.0773023187841,0.0771661907452,249.0,29236-25239,24679792,29236,25239,2457400.54167,329800.0,3,0.0773023187841,0.0771661907452,249.0
10067996,20873,25086,2457399.70833,361000.0,4,0.0787618728389,0.0778842080644,250.0,20873-25086,10067946,20873,25086,2457399.68519,361000.0,4,0.0781932826992,0.078038634488,250.0
12995442,23461,23175,2457399.68519,329800.0,3,0.0785389232345,0.0782904097816,251.0,23461-23175,12995442,23461,23175,2457399.68519,329800.0,3,0.0785389232345,0.0782904097816,251.0
3996692,8330,7544,2457400.26389,329800.0,3,0.0791501438968,0.0791142826266,252.0,8330-7544,3996642,8330,7544,2457400.24074,329800.0,3,0.0790711973005,0.0791527456087,252.0
8486644,16101,14365,2457400.24074,345400.0,3,0.0793363829397,0.0793266184539,253.0,16101-14365,8486644,16101,14365,2457400.24074,345400.0,3,0.0793363829397,0.0793266184539,253.0
17804994,25371,27854,2457400.63426,345400.0,3,0.0801440805766,0.0802715147554,254.0,25371-27854,17804994,25371,27854,2457400.63426,345400.0,3,0.0801440805766,0.0802715147554,254.0
7007507,14365,15629,2457399.5,56800.0,0,0.0808445959971,0.0807521426992,255.0,14365-15629,7007507,14365,15629,2457399.5,56800.0,0,0.0808445959971,0.0807521426992,255.0
24439346,28884,25522,2457400.33333,361000.0,4,0.0812228510456,0.0808488322611,256.0,28884-25522,24439246,28884,25522,2457400.28704,361000.0,4,0.0808522260843,0.0808790433926,256.0
21710044,27403,25371,2457399.5,345400.0,3,0.0810447764296,0.0811287686212,257.0,27403-25371,21710044,27403,25371,2457399.5,345400.0,3,0.0810447764296,0.0811287686212,257.0
7990007,15629,14365,2457399.5,56800.0,0,0.0812115205594,0.0813101262092,258.0,15629-14365,7990007,15629,14365,2457399.5,56800.0,0,0.0812115205594,0.0813101262092,258.0
21693296,27403,24812,2457399.84722,361000.0,4,0.0813119966246,0.0814137018094,259.0,27403-24812,21693296,27403,24812,2457399.84722,361000.0,4,0.0813119966246,0.0814137018094,259.0
23977742,28702,27403,2457399.59259,329800.0,3,0.0817274819483,0.0816700295972,260.0,28702-27403,23977742,28702,27403,2457399.59259,329800.0,3,0.0817274819483,0.0816700295972,260.0
2747795,5775,5709,2457399.61574,353200.0,3,0.0821146656254,0.0820821922893,261.0,5775-5709,2747795,5775,5709,2457399.61574,353200.0,3,0.0821146656254,0.0820821922893,261.0
16930793,25086,20873,2457399.84722,337600.0,4,0.0822788293028,0.0823755158538,262.0,25086-20873,16930192,25086,20873,2457399.56944,329800.0,3,0.0821329089801,0.082967271337,262.0
7014392,14365,16101,2457400.35648,329800.0,3,0.0830058597302,0.0830804422007,263.0,14365-16101,7014392,14365,16101,2457400.35648,329800.0,3,0.0830058597302,0.0830804422007,264.0
13262958,23528,23865,2457399.70833,64600.0,0,0.0834083308906,0.0833208366414,264.0,23528-23865,13262958,23528,23865,2457399.70833,64600.0,0,0.0834083308906,0.0833208366414,266.0
1736045,4376,2639,2457399.96296,353200.0,3,0.0835320564868,0.0834215211561,265.0,4376-2639,1736045,4376,2639,2457399.96296,353200.0,3,0.0835320564868,0.0834215211561,267.0
21753096,27403,27445,2457399.75463,361000.0,4,0.0834036671467,0.0835462596486,266.0,27403-27445,21753096,27403,27445,2457399.75463,361000.0,4,0.0834036671467,0.0835462596486,265.0
9501194,20523,20667,2457400.03241,345400.0,3,0.0836231134711,0.0835822396449,267.0,20523-20667,9501194,20523,20667,2457400.03241,345400.0,3,0.0836231134711,0.0835822396449,269.0
15720794,24742,23305,2457399.84722,345400.0,3,0.0829821649565,0.0836192813427,268.0,24742-23305,15720794,24742,23305,2457399.84722,345400.0,3,0.0829821649565,0.0836192813427,263.0
14735657,23865,23528,2457399.80093,56800.0,0,0.0836175364767,0.0836977728184,269.0,23865-23528,14735657,23865,23528,2457399.80093,56800.0,0,0.0836175364767,0.0836977728184,268.0
12289996,23124,24846,2457400.63426,361000.0,4,0.0844876260928,0.083967859141,270.0,23124-24846,12289996,23124,24846,2457400.63426,361000.0,4,0.0844876260928,0.083967859141,274.0
4009543,8330,10778,2457400.42593,337600.0,3,0.0838869932722,0.0841285243544,271.0,8330-10778,4009543,8330,10778,2457400.42593,337600.0,3,0.0838869932722,0.0841285243544,270.0
4991845,10778,8330,2457400.33333,353200.0,4,0.0843980590728,0.0841419946827,272.0,10778-8330,4991845,10778,8330,2457400.33333,353200.0,4,0.0843980590728,0.0841419946827,272.0
22760796,27683,28702,2457399.84722,361000.0,4,0.0844879674424,0.0845758607415,273.0,27683-28702,22760746,27683,28702,2457399.82407,361000.0,4,0.0844404694188,0.0845964411399,273.0
16212397,24846,23124,2457400.58796,368800.0,4,0.0842272479639,0.0845901170102,274.0,24846-23124,16212397,24846,23124,2457400.58796,368800.0,4,0.0842272479639,0.0845901170102,271.0
9992994,20873,20315,2457399.70833,345400.0,3,0.085120439067,0.0847721401166,275.0,20873-20315,9992994,20873,20315,2457399.70833,345400.0,3,0.085120439067,0.0847721401166,276.0
12778492,23305,24742,2457399.93981,329800.0,3,0.0853558660827,0.0848144282751,276.0,23305-24742,12778492,23305,24742,2457399.93981,329800.0,3,0.0853558660827,0.0848144282751,278.0
21521846,27380,28358,2457400.33333,361000.0,4,0.0852701021827,0.0851333017573,277.0,27380-28358,21520746,27380,28358,2457399.82407,361000.0,4,0.0852161495645,0.0855994061608,277.0
22952896,27715,25522,2457399.66204,361000.0,4,0.0851026759615,0.0852034890589,278.0,27715-25522,22952896,27715,25522,2457399.66204,361000.0,4,0.0851026759615,0.0852034890589,275.0
23197494,27854,25371,2457400.63426,345400.0,4,0.0854979466251,0.0853797381361,279.0,27854-25371,23197494,27854,25371,2457400.63426,345400.0,4,0.0854979466251,0.0853797381361,279.0
9748842,20667,20523,2457400.10185,329800.0,3,0.085947891404,0.0859611137159,280.0,20667-20523,9748842,20667,20523,2457400.10185,329800.0,3,0.085947891404,0.0859611137159,280.0
17787544,25371,27403,2457399.5,345400.0,4,0.0863259547869,0.0862270033324,281.0,25371-27403,17787544,25371,27403,2457399.5,345400.0,4,0.0863259547869,0.0862270033324,282.0
203994,1317,26608,2457400.1713,345400.0,4,0.0866878314278,0.0862453900869,282.0,1317-26608,203994,1317,26608,2457400.1713,345400.0,4,0.0866878314278,0.0862453900869,288.0
21272746,26900,28358,2457399.59259,361000.0,4,0.0862793038312,0.0863297610219,283.0,26900-28358,21272746,26900,28358,2457399.59259,361000.0,4,0.0862793038312,0.0863297610219,281.0
20255646,26590,26824,2457399.77778,361000.0,4,0.0870354979536,0.0863946976471,284.0,26590-26824,20256646,26590,26824,2457400.24074,361000.0,4,0.0864382462209,0.086831272518,284.0
263743,2639,4376,2457400.05556,337600.0,4,0.0863684097693,0.0864778584359,285.0,2639-4376,263743,2639,4376,2457400.05556,337600.0,4,0.0863684097693,0.0864778584359,283.0
18310042,25522,28884,2457399.5,329800.0,3,0.0866179932906,0.0864818632454,286.0,25522-28884,18310042,25522,28884,2457399.5,329800.0,3,0.0866179932906,0.0864818632454,287.0
2501642,5709,5775,2457400.24074,329800.0,3,0.0866112055377,0.0866360298076,287.0,5709-5775,2501642,5709,5775,2457400.24074,329800.0,3,0.0866112055377,0.0866360298076,286.0
9255642,20315,20873,2457399.77778,329800.0,3,0.0864932827752,0.0866916797478,288.0,20315-20873,9255642,20315,20873,2457399.77778,329800.0,3,0.0864932827752,0.0866916797478,285.0
12764496,23305,23764,2457400.40278,361000.0,3,0.0870797854266,0.0870498652096,289.0,23305-23764,12764496,23305,23764,2457400.40278,361000.0,3,0.0870797854266,0.0870498652096,291.0
174093,1317,25239,2457400.21759,337600.0,3,0.087749985972,0.0872456980288,290.0,1317-25239,174093,1317,25239,2457400.21759,337600.0,3,0.087749985972,0.0872456980288,297.0
18445946,25585,23461,2457399.91667,361000.0,4,0.0869877587414,0.0873507795629,291.0,25585-23461,18445946,25585,23461,2457399.91667,361000.0,4,0.0869877587414,0.0873507795629,289.0
16055642,24812,27403,2457399.77778,329800.0,3,0.0876981333127,0.0874550120595,292.0,24812-27403,16056542,24812,27403,2457400.19444,329800.0,3,0.0872280258732,0.0876698485604,293.0
17814994,25371,28790,2457400.63426,345400.0,3,0.0873151557557,0.0874731037869,293.0,25371-28790,17814994,25371,28790,2457400.63426,345400.0,3,0.0873151557557,0.0874731037869,294.0
20296295,26608,1317,2457400.0787,353200.0,4,0.0870128237553,0.0874789777036,294.0,26608-1317,20296295,26608,1317,2457400.0787,353200.0,4,0.0870128237553,0.0874789777036,290.0
23449196,27954,25522,2457400.26389,361000.0,4,0.087816990805,0.0875975024011,295.0,27954-25522,23449296,27954,25522,2457400.31019,361000.0,4,0.0875549875027,0.0876744498063,296.0
17326643,25239,1317,2457400.24074,337600.0,3,0.0877450187066,0.0878962841968,296.0,25239-1317,17326295,25239,1317,2457400.0787,353200.0,4,0.087449270626,0.088090070292,295.0
16254998,24846,24957,2457400.63426,376600.0,4,0.087166664801,0.0880439591274,297.0,24846-24957,16254998,24846,24957,2457400.63426,376600.0,4,0.087166664801,0.0880439591274,292.0
21778446,27403,29236,2457399.91667,361000.0,4,0.0880429991179,0.0882159430071,298.0,27403-29236,21778446,27403,29236,2457399.91667,361000.0,4,0.0880429991179,0.0882159430071,300.0
3758146,7815,10557,2457399.77778,361000.0,4,0.0879339947216,0.0882536160073,299.0,7815-10557,3758146,7815,10557,2457399.77778,361000.0,4,0.0879339947216,0.0882536160073,299.0
4740795,10557,7815,2457399.84722,353200.0,4,0.0886296500727,0.0882846143729,300.0,10557-7815,4740795,10557,7815,2457399.84722,353200.0,4,0.0886296500727,0.0882846143729,301.0
16230542,24846,23764,2457399.73148,329800.0,3,0.089022278295,0.0883204896028,301.0,24846-23764,16230542,24846,23764,2457399.73148,329800.0,3,0.089022278295,0.0883204896028,303.0
14267794,23764,24846,2457399.61574,345400.0,3,0.0879175515387,0.0885285100849,302.0,23764-24846,14267794,23764,24846,2457399.61574,345400.0,3,0.0879175515387,0.0885285100849,298.0
12246646,23124,22871,2457400.24074,361000.0,4,0.0887723584535,0.0887627522127,303.0,23124-22871,12245546,23124,22871,2457399.73148,361000.0,4,0.0887580681976,0.0892303189136,302.0
22684496,27683,24812,2457400.40278,361000.0,4,0.0894006228669,0.0894606340926,304.0,27683-24812,22684496,27683,24812,2457400.40278,361000.0,4,0.0894006228669,0.0894606340926,305.0
14235143,23764,23305,2457399.5463,337600.0,4,0.0895721012653,0.0895536041207,305.0,23764-23305,14235243,23764,23305,2457399.59259,337600.0,4,0.0894692494855,0.0897355243303,306.0
14517447,23816,24846,2457400.61111,368800.0,4,0.0907442363232,0.0898948982609,306.0,23816-24846,14517447,23816,24846,2457400.61111,368800.0,4,0.0907442363232,0.0898948982609,309.0
16232798,24846,23816,2457399.61574,376600.0,4,0.0891336435844,0.0899380026942,307.0,24846-23816,16232798,24846,23816,2457399.61574,376600.0,4,0.0891336435844,0.0899380026942,304.0
22019496,27438,28702,2457400.40278,361000.0,4,0.0897751954227,0.0902734262613,308.0,27438-28702,22019496,27438,28702,2457400.40278,361000.0,4,0.0897751954227,0.0902734262613,307.0
13251043,23528,23571,2457399.96296,337600.0,3,0.0903821368067,0.0910491256251,309.0,23528-23571,13251043,23528,23571,2457399.96296,337600.0,3,0.0903821368067,0.0910491256251,308.0
24191746,28790,25522,2457400.28704,361000.0,4,0.0912550763244,0.091319116299,310.0,28790-25522,24191746,28790,25522,2457400.28704,361000.0,4,0.0912550763244,0.091319116299,312.0
13498444,23571,23528,2457399.91667,345400.0,3,0.0920769528258,0.0913619278851,311.0,23571-23528,13498444,23571,23528,2457399.91667,345400.0,3,0.0920769528258,0.0913619278851,315.0
16746748,24957,24846,2457400.28704,376600.0,4,0.0922037644793,0.0913812488583,312.0,24957-24846,16746798,24957,24846,2457400.31019,376600.0,4,0.092173594353,0.0913912231203,316.0
15243447,23915,23816,2457399.91667,368800.0,4,0.0910718459035,0.0914664875299,313.0,23915-23816,15243447,23915,23816,2457399.91667,368800.0,4,0.0910718459035,0.0914664875299,311.0
6764196,14158,15873,2457400.26389,361000.0,4,0.0909696090396,0.0914719027009,314.0,14158-15873,6764196,14158,15873,2457400.26389,361000.0,4,0.0909696090396,0.0914719027009,310.0
17807494,25371,27954,2457400.63426,345400.0,3,0.0914999284341,0.0916338114829,315.0,25371-27954,17807494,25371,27954,2457400.63426,345400.0,3,0.0914999284341,0.0916338114829,313.0
6011645,13083,14421,2457400.24074,353200.0,3,0.092051604172,0.0921218519209,316.0,13083-14421,6011645,13083,14421,2457400.24074,353200.0,3,0.092051604172,0.0921218519209,314.0
6244946,13595,12474,2457400.61111,361000.0,4,0.0929509028679,0.0926870227016,317.0,13595-12474,6244946,13595,12474,2457400.61111,361000.0,4,0.0929509028679,0.0926870227016,319.0
13052544,23461,25585,2457399.5,345400.0,4,0.0933847182683,0.092765962765,318.0,23461-25585,13052544,23461,25585,2457399.5,345400.0,4,0.0933847182683,0.092765962765,321.0
21533944,27403,1317,2457400.14815,345400.0,3,0.092452482216,0.092901363844,319.0,27403-1317,21533944,27403,1317,2457400.14815,345400.0,3,0.092452482216,0.092901363844,317.0
5507495,12474,13595,2457400.63426,353200.0,4,0.0928606258013,0.0931556770652,320.0,12474-13595,5507495,12474,13595,2457400.63426,353200.0,4,0.0928606258013,0.0931556770652,318.0
24187494,28790,25371,2457400.63426,345400.0,4,0.0937317107966,0.0935549498547,321.0,28790-25371,24187494,28790,25371,2457400.63426,345400.0,4,0.0937317107966,0.0935549498547,323.0
216394,1317,27403,2457400.125,345400.0,4,0.0940116051811,0.0935847116398,322.0,1317-27403,216394,1317,27403,2457400.125,345400.0,4,0.0940116051811,0.0935847116398,325.0
13965044,23741,21765,2457399.5,345400.0,3,0.0935419730394,0.0935944595052,323.0,23741-21765,13965044,23741,21765,2457399.5,345400.0,3,0.0935419730394,0.0935944595052,322.0
22511746,27513,28358,2457400.28704,361000.0,4,0.0946105769102,0.0937262440375,324.0,27513-28358,22511696,27513,28358,2457400.26389,361000.0,4,0.0944346019701,0.0953492518998,327.0
15726647,24742,23528,2457400.24074,368800.0,4,0.0933019599124,0.0939215976217,325.0,24742-23528,15726647,24742,23528,2457400.24074,368800.0,4,0.0933019599124,0.0939215976217,320.0
10984695,21989,20315,2457400.49537,353200.0,3,0.0941714459912,0.0940332208976,326.0,21989-20315,10984695,21989,20315,2457400.49537,353200.0,3,0.0941714459912,0.0940332208976,326.0
18934044,25922,23124,2457400.19444,345400.0,3,0.0948042406458,0.0941627730241,327.0,25922-23124,18934044,25922,23124,2457400.19444,345400.0,3,0.0948042406458,0.0941627730241,330.0
3745693,7815,6796,2457399.80093,337600.0,3,0.0946369809641,0.0942862379174,328.0,7815-6796,3745693,7815,6796,2457399.80093,337600.0,3,0.0946369809641,0.0942862379174,329.0
22745646,27683,27445,2457399.77778,361000.0,4,0.0968584155845,0.0943723991354,329.0,27683-27445,22746746,27683,27445,2457400.28704,361000.0,4,0.0955672038096,0.108394296182,337.0
12316742,23124,25922,2457400.28704,329800.0,3,0.0939627877556,0.094539109507,330.0,23124-25922,12316742,23124,25922,2457400.28704,329800.0,3,0.0939627877556,0.094539109507,324.0
13274444,23528,24742,2457400.37963,345400.0,4,0.0954997070009,0.0948905699071,331.0,23528-24742,13274444,23528,24742,2457400.37963,345400.0,4,0.0954997070009,0.0948905699071,335.0
22700047,27683,25371,2457399.5,368800.0,4,0.0948542332483,0.0949067550993,332.0,27683-25371,22700047,27683,25371,2457399.5,368800.0,4,0.0948542332483,0.0949067550993,331.0
20993392,26824,26590,2457399.89352,329800.0,4,0.0976161907012,0.0950176665487,333.0,26824-26590,20993442,26824,26590,2457399.91667,329800.0,4,0.0944965884727,0.0968040722808,328.0
23201796,27854,25522,2457400.31019,361000.0,3,0.0950698315681,0.0951948567427,334.0,27854-25522,23201846,27854,25522,2457400.33333,361000.0,3,0.094898223335,0.0972573811195,332.0
13493393,23571,23305,2457399.89352,337600.0,3,0.0960608152781,0.0953831619804,335.0,23571-23305,13493393,23571,23305,2457399.89352,337600.0,3,0.0960608152781,0.0953831619804,341.0
17801697,25371,27715,2457400.26389,368800.0,4,0.0953027444235,0.095397624799,336.0,25371-27715,17801747,25371,27715,2457400.28704,368800.0,4,0.0952922093557,0.0954000289126,334.0
7239244,14421,13083,2457400.28704,345400.0,4,0.0960120587189,0.0956032083053,337.0,14421-13083,7239244,14421,13083,2457400.28704,345400.0,4,0.0960120587189,0.0956032083053,340.0
8235992,15873,14158,2457399.93981,329800.0,3,0.0955428452115,0.095634698466,338.0,15873-14158,8235992,15873,14158,2457399.93981,329800.0,3,0.0955428452115,0.095634698466,336.0
12755943,23305,23571,2457399.91667,337600.0,3,0.094975778198,0.0956676058348,339.0,23305-23571,12755943,23305,23571,2457399.91667,337600.0,3,0.094975778198,0.0956676058348,333.0
18302092,25522,27954,2457400.44907,329800.0,4,0.097152974424,0.0958328242791,340.0,25522-27954,18300942,25522,27954,2457399.91667,329800.0,4,0.0963455615187,0.0979841263176,342.0
20750696,26766,26824,2457399.80093,361000.0,4,0.099302504554,0.0961872531159,341.0,26766-26824,20751796,26766,26824,2457400.31019,361000.0,4,0.095945540608,0.0971144683419,338.0
3253094,6796,7815,2457399.75463,345400.0,3,0.0959888711373,0.0962820837313,342.0,6796-7815,3253094,6796,7815,2457399.75463,345400.0,3,0.0959888711373,0.0962820837313,339.0
24721342,29236,27403,2457400.10185,329800.0,4,0.0967204089846,0.0964745233334,343.0,29236-27403,24721342,29236,27403,2457400.10185,329800.0,4,0.0967204089846,0.0964745233334,345.0
21029246,26824,28702,2457400.28704,361000.0,3,0.0966382967101,0.0966163306233,344.0,26824-28702,21028096,26824,28702,2457399.75463,361000.0,3,0.0965295903223,0.0976159088505,343.0
22523795,27683,1317,2457400.0787,353200.0,4,0.0967085771017,0.0969900220281,345.0,27683-1317,22523795,27683,1317,2457400.0787,353200.0,4,0.0967085771017,0.0969900220281,344.0
20527196,26608,27854,2457400.49537,361000.0,3,0.0970771654518,0.0970096805578,346.0,26608-27854,20525046,26608,27854,2457399.5,361000.0,3,0.0967971709007,0.0972582942516,346.0
13769093,23636,24742,2457400.21759,337600.0,3,0.0977836752702,0.0971668612974,347.0,23636-24742,13769093,23636,24742,2457400.21759,337600.0,3,0.0977836752702,0.0971668612974,350.0
22768396,27683,29236,2457399.89352,361000.0,3,0.0969532731303,0.097215944054,348.0,27683-29236,22768396,27683,29236,2457399.89352,361000.0,3,0.0969532731303,0.097215944054,347.0
16066292,24812,27683,2457400.0787,329800.0,4,0.0982312889242,0.0980313232199,349.0,24812-27683,16067292,24812,27683,2457400.54167,329800.0,4,0.0982177110302,0.0980980093381,351.0
15731742,24742,23636,2457400.28704,329800.0,3,0.0976441140186,0.0982316939472,350.0,24742-23636,15731742,24742,23636,2457400.28704,329800.0,3,0.0976441140186,0.0982316939472,349.0
21957547,27438,25371,2457399.5,368800.0,4,0.0982827313795,0.0982792405289,351.0,27438-25371,21957547,27438,25371,2457399.5,368800.0,4,0.0982827313795,0.0982792405289,353.0
23980142,28702,27438,2457399.5463,329800.0,4,0.0986103359383,0.0983148330703,352.0,28702-27438,23980142,28702,27438,2457399.5463,329800.0,4,0.0986103359383,0.0983148330703,358.0
23444994,27954,25371,2457400.63426,345400.0,4,0.0985900136494,0.0984297034584,353.0,27954-25371,23444994,27954,25371,2457400.63426,345400.0,4,0.0985900136494,0.0984297034584,357.0
4245345,8620,7815,2457399.63889,353200.0,3,0.0983594871615,0.0985040108439,354.0,8620-7815,4245345,8620,7815,2457399.63889,353200.0,3,0.0983594871615,0.0985040108439,354.0
10495344,21765,20873,2457399.63889,345400.0,3,0.0992616783118,0.0985740462235,355.0,21765-20873,10495344,21765,20873,2457399.63889,345400.0,3,0.0992616783118,0.0985740462235,364.0
20273146,26590,27683,2457399.77778,361000.0,3,0.0989364968071,0.0986542002179,356.0,26590-27683,20273096,26590,27683,2457399.75463,361000.0,3,0.098448503938,0.0988550876308,356.0
226394,1317,27683,2457400.125,345400.0,4,0.0991589715557,0.0987579103643,357.0,1317-27683,226394,1317,27683,2457400.125,345400.0,4,0.0991589715557,0.0987579103643,362.0
21781394,27438,1317,2457400.125,345400.0,3,0.0983817986221,0.0987995237209,358.0,27438-1317,21781394,27438,1317,2457400.125,345400.0,3,0.0983817986221,0.0987995237209,355.0
10002943,20873,21765,2457399.68519,337600.0,3,0.0982761654749,0.0989236990978,359.0,20873-21765,10002943,20873,21765,2457399.68519,337600.0,3,0.0982761654749,0.0989236990978,352.0
18309692,25522,28790,2457400.49537,329800.0,4,0.0992843175616,0.0990780822749,360.0,25522-28790,18309692,25522,28790,2457400.49537,329800.0,4,0.0992843175616,0.0990780822749,365.0
7230944,14421,12089,2457399.91667,345400.0,3,0.0994505560858,0.0992698674862,361.0,14421-12089,7230944,14421,12089,2457399.91667,345400.0,3,0.0994505560858,0.0992698674862,366.0
3257944,6796,8620,2457399.68519,345400.0,4,0.0991289922457,0.0993474972943,362.0,6796-8620,3257944,6796,8620,2457399.68519,345400.0,4,0.0991289922457,0.0993474972943,361.0
17817497,25371,28884,2457400.63426,368800.0,4,0.099461740354,0.0994535832718,363.0,25371-28884,17817497,25371,28884,2457400.63426,368800.0,4,0.099461740354,0.0994535832718,367.0
23725742,28358,26900,2457399.82407,329800.0,4,0.0987418103332,0.0995359538884,364.0,28358-26900,23725742,28358,26900,2457399.82407,329800.0,4,0.0987418103332,0.0995359538884,359.0
18707845,25626,23816,2457399.63889,353200.0,3,0.0989444021765,0.0995987270297,365.0,25626-23816,18707845,25626,23816,2457399.63889,353200.0,3,0.0989444021765,0.0995987270297,360.0
6489594,14077,12089,2457400.44907,345400.0,3,0.0999213096919,0.0996134771653,366.0,14077-12089,6489594,14077,12089,2457400.44907,345400.0,3,0.0999213096919,0.0996134771653,369.0
19015544,25922,26766,2457399.73148,345400.0,3,0.0992562484702,0.100009720394,367.0,25922-26766,19015544,25922,26766,2457399.73148,345400.0,3,0.0992562484702,0.100009720394,363.0
17556596,25239,27854,2457400.21759,361000.0,3,0.0997238379491,0.100217345832,368.0,25239-27854,17556596,25239,27854,2457400.21759,361000.0,3,0.0997238379491,0.100217345832,368.0
5267542,12089,14421,2457399.5,329800.0,3,0.0999843156651,0.100218088875,369.0,12089-14421,5267542,12089,14421,2457399.5,329800.0,3,0.0999843156651,0.100218088875,370.0
20266996,26590,27438,2457400.40278,361000.0,3,0.0973362981047,0.103069985337,370.0,26590-27438,20266996,26590,27438,2457400.40278,361000.0,3,0.0973362981047,0.103069985337,348.0
